attr.0,attr.1,attr.2,attr.3,attr.4,attr.5,attr.6,attr.7,attr.8,attr.9
0.62846,2.19894,0.00000,0.31419,2.82728,2.51307,0.94266,1.88490,1.25678,1.57084
